beam_deflection_mm,beam_height_mm
0,0
0.160304188985067,0.216216216216216
0.320605767870427,0.432432432432432
0.480902127039702,0.648648648648649
0.641190656533448,0.864864864864865
0.801468747023251,1.08108108108108
0.961733790234817,1.2972972972973
1.12198317894797,1.51351351351351
1.28221430699667,1.72972972972973
1.44242456926896,1.94594594594595
1.60261138507595,2.16216216216216
1.76277221339729,2.37837837837838
1.92290443457378,2.59459459459459
2.08300542809944,2.81081081081081
2.2430725786115,3.02702702702703
2.40310327589039,3.24324324324324
2.56309491485974,3.45945945945946
2.72304489558636,3.67567567567568
2.88295062328028,3.89189189189189
3.04280950829471,4.10810810810811
3.20261896612607,4.32432432432432
3.36237641741396,4.54054054054054
3.52207928794121,4.75675675675676
3.6817250086338,4.97297297297297
3.84131101556095,5.18918918918919
4.00083474993505,5.40540540540541
4.16029365811171,5.62162162162162
4.31968519158971,5.83783783783784
4.47900680701106,6.05405405405405
4.63825596616093,6.27027027027027
4.79743013596772,6.48648648648649
4.956526788503,6.7027027027027
5.11554340098157,6.91891891891892
5.27447745576139,7.13513513513514
5.43332644034365,7.35135135135135
5.59208784737272,7.56756756756757
5.75075917463617,7.78378378378378
5.90933792506476,8
6.06782160673246,8.21621621621622
6.22620773285643,8.43243243243243
6.38449382179703,8.64864864864865
6.54267739705782,8.86486486486486
6.70075598728555,9.08108108108108
6.85872712627018,9.2972972972973
7.01658835294485,9.51351351351351
7.1743372113859,9.72972972972973
7.33197125081288,9.94594594594595
7.48948802761631,10.1621621621622
7.64688559808899,10.3783783783784
7.80416186298345,10.5945945945946
7.96131432923169,10.8108108108108
8.11834051615512,11.027027027027
8.27523795546455,11.2432432432432
8.43200419126016,11.4594594594595
8.58863678003155,11.6756756756757
8.74513329065772,11.8918918918919
8.90149130440707,12.1081081081081
9.0577084149374,12.3243243243243
9.21378222829589,12.5405405405405
9.36971036291913,12.7567567567568
9.52549044963313,12.972972972973
9.68112013165327,13.1891891891892
9.83659706458433,13.4054054054054
9.99191891642052,13.6216216216216
10.1470833675454,13.8378378378378
10.302088110732,14.0540540540541
10.4569308511426,14.2702702702703
10.6116093063291,14.4864864864865
10.7661212062327,14.7027027027027
10.9204642931839,14.9189189189189
11.0746363219027,15.1351351351351
11.2286350594984,15.3513513513514
11.3824582854699,15.5675675675676
11.5361037917054,15.7837837837838
11.6895693824824,16
11.8428528744679,16.2162162162162
11.9959520967182,16.4324324324324
12.1488648906792,16.6486486486486
12.301589110186,16.8648648648649
12.4541226214631,17.0810810810811
12.6064633031246,17.2972972972973
12.7586090461739,17.5135135135135
12.9105577540036,17.7297297297297
13.062307342396,17.9459459459459
13.2138557395226,18.1621621621622
13.3652008859443,18.3783783783784
13.5163407346117,18.5945945945946
13.6672732508643,18.8108108108108
13.8179964124314,19.027027027027
13.9685082094315,19.2432432432432
14.1188066443726,19.4594594594595
14.2688897321521,19.6756756756757
14.4187555000567,19.8918918918919
14.5684019877625,20.1081081081081
14.7178272473351,20.3243243243243
14.8670293432295,20.5405405405405
15.0160063522901,20.7567567567568
15.1647563637505,20.972972972973
15.3132774792339,21.1891891891892
15.4615678127529,21.4054054054054
15.6096254907094,21.6216216216216
15.7574486518947,21.8378378378378
15.9050354474897,22.0540540540541
16.0523840410644,22.2702702702703
16.1994926085785,22.4864864864865
16.3463593383808,22.7027027027027
16.4929824312096,22.9189189189189
16.6393601001928,23.1351351351351
16.7854905708475,23.3513513513514
16.9313720810801,23.5675675675676
17.0770028811867,23.7837837837838
17.2223812338526,24
17.3675054141525,24.2162162162162
17.5123737095505,24.4324324324324
17.6569844199002,24.6486486486486
17.8013358574445,24.8648648648649
17.9454263468158,25.0810810810811
18.0892542250357,25.2972972972973
18.2328178415154,25.5135135135135
18.3761155580555,25.7297297297297
18.5191457488458,25.9459459459459
18.6619068004657,26.1621621621622
18.8043971118839,26.3783783783784
18.9466150944585,26.5945945945946
19.088559171937,26.8108108108108
19.2302277804565,27.027027027027
19.3716193685431,27.2432432432432
19.5127323971126,27.4594594594595
19.6535653394702,27.6756756756757
19.7941166813103,27.8918918918919
19.9343849207168,28.1081081081081
20.0743685681632,28.3243243243243
20.214066146512,28.5405405405405
20.3534761910154,28.7567567567568
20.4925972493149,28.972972972973
20.6314278814415,29.1891891891892
20.7699666598153,29.4054054054054
20.9082121692463,29.6216216216216
21.0461630069333,29.8378378378378
21.183817782465,30.0540540540541
21.3211751178193,30.2702702702703
21.4582336473634,30.4864864864865
21.5949920178541,30.7027027027027
21.7314488884374,30.9189189189189
21.8676029306489,31.1351351351351
22.0034528284135,31.3513513513514
22.1389972780455,31.5675675675676
22.2742349798672,31.7837837837838
22.4091642812389,32
22.5437837486357,32.2162162162162
22.67809217287,32.4324324324324
22.8120883542837,32.6486486486486
22.9457711027477,32.8648648648649
23.079139237662,33.0810810810811
23.212191587956,33.2972972972973
23.3449269920882,33.5135135135135
23.4773442980465,33.7297297297297
23.6094423633477,33.9459459459459
23.7412200550379,34.1621621621622
23.8726762496926,34.3783783783784
24.0038098334162,34.5945945945946
24.1346197018426,34.8108108108108
24.2651047601346,35.027027027027
24.3952639229845,35.2432432432432
24.5250961146136,35.4594594594595
24.6546002687724,35.6756756756757
24.7837753287407,35.8918918918919
24.9126202473275,36.1081081081081
25.0411339868709,36.3243243243243
25.1693155192384,36.5405405405405
25.2971638258265,36.7567567567568
25.4246778975609,36.972972972973
25.5518567348967,37.1891891891892
25.678699347818,37.4054054054054
25.8052047558383,37.6216216216216
25.931371988,37.8378378378378
26.0572000828751,38.0540540540541
26.1826880885644,38.2702702702703
26.3078350626982,38.4864864864865
26.4326400724359,38.7027027027027
26.557102194466,38.9189189189189
26.6812205150065,39.1351351351351
26.8049941298042,39.3513513513514
26.9284221441354,39.5675675675676
27.0515036728055,39.7837837837838
27.1742378401491,40
27.29662378003,40.2162162162162
27.4186606358413,40.4324324324324
27.5403475605051,40.6486486486487
27.6616837164729,40.8648648648649
27.7826682757253,41.0810810810811
27.9033004197722,41.2972972972973
28.0235793396525,41.5135135135135
28.1435042359345,41.7297297297297
28.2630743187157,41.9459459459459
28.3822888076226,42.1621621621622
28.5011469318111,42.3783783783784
28.6196479299662,42.5945945945946
28.7377910503023,42.8108108108108
28.8555755505627,43.027027027027
28.9730006980201,43.2432432432432
29.0900657694763,43.4594594594595
29.2067700512624,43.6756756756757
29.3231128392387,43.8918918918919
29.4390934387946,44.1081081081081
29.5547111648488,44.3243243243243
29.6699653418491,44.5405405405405
29.7848553037726,44.7567567567568
29.8993803941256,44.972972972973
30.0135399659436,45.1891891891892
30.1273333817912,45.4054054054054
30.2407600137623,45.6216216216216
30.3538192434799,45.8378378378378
30.4665104620965,46.0540540540541
30.5788330702933,46.2702702702703
30.6907864782813,46.4864864864865
30.8023701058001,46.7027027027027
30.913583382119,46.9189189189189
31.0244257460362,47.1351351351351
31.1348966458792,47.3513513513513
31.2449955395047,47.5675675675676
31.3547218942986,47.7837837837838
31.4640751871761,48
31.5730549045813,48.2162162162162
31.681660542488,48.4324324324324
31.7898916063986,48.6486486486487
31.8977476113453,48.8648648648649
32.005228081889,49.0810810810811
32.1123325521201,49.2972972972973
32.2190605656582,49.5135135135135
32.3254116756519,49.7297297297297
32.4313854447792,49.945945945946
32.5369814452472,50.1621621621622
32.6421992587922,50.3783783783784
32.7470384766799,50.5945945945946
32.8514986997048,50.8108108108108
32.955579538191,51.027027027027
33.0592806119916,51.2432432432432
33.162601550489,51.4594594594595
33.2655419925946,51.6756756756757
33.3681015867493,51.8918918918919
33.470279990923,52.1081081081081
33.5720768726148,52.3243243243243
33.6734919088532,52.5405405405405
33.7745247861956,52.7567567567568
33.8751752007289,52.972972972973
33.975442858069,53.1891891891892
34.075327436241,53.4054054054054
34.1748279266495,53.6216216216216
34.273943753524,53.8378378378378
34.372674622372,54.0540540540541
34.4710202421621,54.2702702702703
34.5689803253243,54.4864864864865
34.6665545877502,54.7027027027027
34.7637427487926,54.9189189189189
34.8605445312657,55.1351351351351
34.9569596614452,55.3513513513514
35.052987869068,55.5675675675676
35.1486288873327,55.7837837837838
35.2438824528989,56
35.3387483058879,56.2162162162162
35.4332261898822,56.4324324324324
35.5273158519258,56.6486486486487
35.6210170425241,56.8648648648649
35.7143295156437,57.0810810810811
35.8072530287128,57.2972972972973
35.8997873426208,57.5135135135135
35.9919322217187,57.7297297297297
36.0836874338188,57.9459459459459
36.1750527501947,58.1621621621622
36.2660279455815,58.3783783783784
36.3566127981757,58.5945945945946
36.446807089635,58.8108108108108
36.5366106050786,59.027027027027
36.6260231330873,59.2432432432432
36.715044465703,59.4594594594595
36.803674398429,59.6756756756757
36.8919127302301,59.8918918918919
36.9797592635326,60.1081081081081
37.0672138042239,60.3243243243243
37.154276161653,60.5405405405405
37.2409461486301,60.7567567567568
37.3272235814271,60.972972972973
37.413108279777,61.1891891891892
37.4986000668743,61.4054054054054
37.5836987693748,61.6216216216216
37.6684042173959,61.8378378378378
37.7527162445162,62.0540540540541
37.8366346877756,62.2702702702703
37.9201593876757,62.4864864864865
38.0032901881792,62.7027027027027
38.0860269367104,62.9189189189189
38.1683694841548,63.1351351351351
38.2503176848593,63.3513513513513
38.3318713966325,63.5675675675676
38.4130304807439,63.7837837837838
38.4937948019248,64
38.5741642283677,64.2162162162162
38.6541386317265,64.4324324324324
38.7337178871164,64.6486486486487
38.8129018731142,64.8648648648649
38.891690471758,65.0810810810811
38.9700835685472,65.2972972972973
39.0480810524426,65.5135135135135
39.1256828158666,65.7297297297297
39.2028887547027,65.945945945946
39.2796987682959,66.1621621621622
39.3561127594526,66.3783783783784
39.4321306344407,66.5945945945946
39.5077523029893,66.8108108108108
39.582977678289,67.027027027027
39.6578066769917,67.2432432432433
39.7322392192108,67.4594594594595
39.8062752285209,67.6756756756757
39.8799146319583,67.8918918918919
39.9531573600204,68.1081081081081
40.0260033466661,68.3243243243243
40.0984525293157,68.5405405405405
40.1705048488508,68.7567567567568
40.2421602496146,68.972972972973
40.3134186794113,69.1891891891892
40.384280089507,69.4054054054054
40.4547444346288,69.6216216216216
40.5248116729652,69.8378378378378
40.5944817661663,70.0540540540541
40.6637546793435,70.2702702702703
40.7326303810696,70.4864864864865
40.8011088433786,70.7027027027027
40.8691900417662,70.9189189189189
40.9368739551892,71.1351351351351
41.0041605660661,71.3513513513514
41.0710498602764,71.5675675675676
41.1375418271613,71.7837837837838
41.2036364595233,72
41.2693337536262,72.2162162162162
41.3346337091953,72.4324324324324
41.3995363294173,72.6486486486486
41.4640416209401,72.8648648648649
41.5281495938732,73.0810810810811
41.5918602617874,73.2972972972973
41.6551736417149,73.5135135135135
41.7180897541493,73.7297297297297
41.7806086230456,73.945945945946
41.84273027582,74.1621621621622
41.9044547433504,74.3783783783784
41.965782059976,74.5945945945946
42.0267122634971,74.8108108108108
42.0872453581365,75.027027027027
42.1473809748353,75.2432432432432
42.2071190179556,75.4594594594595
42.2664595003736,75.6756756756757
42.3254024353315,75.8918918918919
42.3839478364376,76.1081081081081
42.4420957176663,76.3243243243243
42.4998460933579,76.5405405405405
42.5571989782188,76.7567567567568
42.6141543873214,76.972972972973
42.6707123361041,77.1891891891892
42.7268728403715,77.4054054054054
42.782635916294,77.6216216216216
42.8380015804083,77.8378378378378
42.8929698496169,78.0540540540541
42.9475407411884,78.2702702702703
43.0017142727575,78.4864864864865
43.055490462325,78.7027027027027
43.1088693282574,78.9189189189189
43.1618508892877,79.1351351351351
43.2144351645145,79.3513513513514
43.2666221734028,79.5675675675676
43.3184119357833,79.7837837837838
43.369804471853,80
43.4207998021748,80.2162162162162
43.4713979476777,80.4324324324324
43.5215989296567,80.6486486486486
43.5714027697728,80.8648648648649
43.6208094900532,81.0810810810811
43.6698191128908,81.2972972972973
43.7184316610448,81.5135135135135
43.7666471576405,81.7297297297297
43.8144656261689,81.945945945946
43.8618870904875,82.1621621621622
43.9089115748193,82.3783783783784
43.9555391037538,82.5945945945946
44.0017697022463,82.8108108108108
44.0476033956182,83.027027027027
44.0930402095569,83.2432432432432
44.1380801701158,83.4594594594595
44.1827233037144,83.6756756756757
44.2269696371382,83.8918918918919
44.2708191975388,84.1081081081081
44.3142720124338,84.3243243243243
44.3573281097067,84.5405405405405
44.3999875176073,84.7567567567568
44.4422502647512,84.972972972973
44.4841163801201,85.1891891891892
44.5255858930618,85.4054054054054
44.5666588332901,85.6216216216216
44.6073352308849,85.8378378378378
44.6476151162918,86.054054054054
44.687498520323,86.2702702702703
44.7269854741562,86.4864864864865
44.7660760093355,86.7027027027027
44.8047701577708,86.9189189189189
44.8430679517382,87.1351351351351
44.8809694238797,87.3513513513514
44.9184746072035,87.5675675675676
44.9555835350836,87.7837837837838
44.9922962412603,88
45.0286127598397,88.2162162162162
45.064533125294,88.4324324324324
45.1000573724616,88.6486486486486
45.1351855365467,88.8648648648649
45.1699176531197,89.0810810810811
45.2042537581169,89.2972972972973
45.2381938878408,89.5135135135135
45.2717380789598,89.7297297297297
45.3048863685083,89.945945945946
45.3376387938869,90.1621621621622
45.3699953928622,90.3783783783784
45.4019562035666,90.5945945945946
45.4335212644988,90.8108108108108
45.4646906145235,91.027027027027
45.4954642928713,91.2432432432432
45.5258423391389,91.4594594594595
45.5558247932892,91.6756756756757
45.5854116956508,91.8918918918919
45.6146030869186,92.1081081081081
45.6433990081534,92.3243243243243
45.6717995007822,92.5405405405405
45.6998046065978,92.7567567567568
45.7274143677592,92.972972972973
45.7546288267914,93.1891891891892
45.7814480265854,93.4054054054054
45.8078720103983,93.6216216216216
45.8339008218531,93.8378378378378
45.859534504939,94.054054054054
45.8847731040111,94.2702702702703
45.9096166637907,94.4864864864865
45.9340652293649,94.7027027027027
45.958118846187,94.9189189189189
45.9817775600764,95.1351351351351
46.0050414172183,95.3513513513514
46.0279104641641,95.5675675675676
46.0503847478312,95.7837837837838
46.0724643155031,96
46.0941492148292,96.2162162162162
46.1154394938249,96.4324324324324
46.1363351865541,96.6486486486486
46.1568362339912,96.8648648648649
46.1769426412741,97.0810810810811
46.1966544305715,97.2972972972973
46.2159716236279,97.5135135135135
46.2348942417639,97.7297297297297
46.253422305876,97.945945945946
46.2715558364366,98.1621621621622
46.2892948534941,98.3783783783784
46.3066393766729,98.5945945945946
46.3235894251731,98.8108108108108
46.3401450177711,99.027027027027
46.3563061728189,99.2432432432432
46.3720729082447,99.4594594594595
46.3874452415525,99.6756756756757
46.4024231898224,99.8918918918919
46.4170067697102,100.108108108108
46.4311959974478,100.324324324324
46.4449908888432,100.540540540541
46.4583914592799,100.756756756757
46.4713977237179,100.972972972973
46.4840096966927,101.189189189189
46.4962273923159,101.405405405405
46.5080508242751,101.621621621622
46.5194800058339,101.837837837838
46.5305149498315,102.054054054054
46.5411556686835,102.27027027027
46.5514021743812,102.486486486486
46.5612544784918,102.702702702703
46.5707125921585,102.918918918919
46.5797765261006,103.135135135135
46.5884462906131,103.351351351351
46.5967218955671,103.567567567568
46.6046033504097,103.783783783784
46.6120906641636,104
46.6191838454279,104.216216216216
46.6258829023774,104.432432432432
46.6321878427629,104.648648648649
46.638098673911,104.864864864865
46.6436154027245,105.081081081081
46.648738035682,105.297297297297
46.653466578838,105.513513513514
46.6578010378231,105.72972972973
46.6617414178437,105.945945945946
46.6652877236821,106.162162162162
46.6684399596968,106.378378378378
46.671198129822,106.594594594595
46.6735622375679,106.810810810811
46.6755322860208,107.027027027027
46.6771082778427,107.243243243243
46.6782902152717,107.459459459459
46.6790781001218,107.675675675676
46.6794719337831,107.891891891892
46.6794717172212,108.108108108108
46.6790774509783,108.324324324324
46.6782891351719,108.540540540541
46.6771067694958,108.756756756757
46.6755303532198,108.972972972973
46.6735598851894,109.189189189189
46.6711953638263,109.405405405405
46.6684367871278,109.621621621622
46.6652841526676,109.837837837838
46.6617374575949,110.054054054054
46.6577966986352,110.27027027027
46.6534618720897,110.486486486486
46.6487329738357,110.702702702703
46.6436099993264,110.918918918919
46.6380929435908,111.135135135135
46.6321818012341,111.351351351351
46.6258765664372,111.567567567568
46.6191772329572,111.783783783784
46.6120837941269,112
46.6045962428553,112.216216216216
46.596714571627,112.432432432432
46.5884387725028,112.648648648649
46.5797688371195,112.864864864865
46.5707047566897,113.081081081081
46.5612465220018,113.297297297297
46.5513941234205,113.513513513514
46.5411475508862,113.72972972973
46.5305067939154,113.945945945946
46.5194718416003,114.162162162162
46.5080426826094,114.378378378378
46.4962193051867,114.594594594595
46.4840016971526,114.810810810811
46.4713898459031,115.027027027027
46.4583837384104,115.243243243243
46.4449833612225,115.459459459459
46.4311887004632,115.675675675676
46.4169997418326,115.891891891892
46.4024164706066,116.108108108108
46.3874388716368,116.324324324324
46.3720669293511,116.540540540541
46.3563006277532,116.756756756757
46.3401399504227,116.972972972973
46.3235848805151,117.189189189189
46.3066354007621,117.405405405405
46.289291493471,117.621621621622
46.2715531405253,117.837837837838
46.2534203233844,118.054054054054
46.2348930478402,118.27027027027
46.215971397318,118.486486486486
46.1966553383099,118.702702702703
46.1769448222714,118.918918918919
46.1568398010131,119.135135135135
46.1363402267,119.351351351351
46.1154460518518,119.567567567568
46.0941572293432,119.783783783784
46.0724737124034,120
46.0503954546162,120.216216216216
46.0279224099203,120.432432432432
46.0050545326091,120.648648648649
45.9817917773305,120.864864864865
45.9581340990875,121.081081081081
45.9340814532374,121.297297297297
45.9096337954925,121.513513513514
45.8847910819196,121.72972972973
45.8595532689404,121.945945945946
45.8339203133311,122.162162162162
45.8078921722228,122.378378378378
45.7814688031012,122.594594594595
45.7546501638068,122.810810810811
45.7274362125346,123.027027027027
45.6998269078347,123.243243243243
45.6718222086115,123.459459459459
45.6434220741242,123.675675675676
45.6146264639871,123.891891891892
45.5854353381686,124.108108108108
45.5558486569922,124.324324324324
45.525866381136,124.540540540541
45.4954884716329,124.756756756757
45.4647148898704,124.972972972973
45.4335455975907,125.189189189189
45.4019805568908,125.405405405405
45.3700197302224,125.621621621622
45.3376630803917,125.837837837838
45.30491057056,126.054054054054
45.271762164243,126.27027027027
45.2382178253111,126.486486486486
45.2042775179897,126.702702702703
45.1699412068586,126.918918918919
45.1352088568524,127.135135135135
45.1000804332605,127.351351351351
45.064555901727,127.567567567568
45.0286352282505,127.783783783784
44.9923183791846,128
44.9556053212374,128.216216216216
44.9184960214719,128.432432432432
44.8809904473055,128.648648648649
44.8430885665106,128.864864864865
44.8047903472143,129.081081081081
44.7660957578982,129.297297297297
44.7270047673988,129.513513513514
44.6875173449072,129.72972972973
44.6476334599692,129.945945945946
44.6073530824855,130.162162162162
44.5666761827112,130.378378378378
44.5256027312565,130.594594594595
44.4841326990858,130.810810810811
44.4422660575188,131.027027027027
44.4000027782293,131.243243243243
44.3573428332463,131.459459459459
44.3142861949533,131.675675675676
44.2708328360886,131.891891891892
44.226982729745,132.108108108108
44.1827358493702,132.324324324324
44.1380921687666,132.540540540541
44.0930516620912,132.756756756757
44.0476143038559,132.972972972973
44.001780068927,133.189189189189
43.9555489325259,133.405405405405
43.9089208702284,133.621621621622
43.8618958579651,133.837837837838
43.8144738720214,134.054054054054
43.7666548890373,134.27027027027
43.7184388860075,134.486486486487
43.6698258402815,134.702702702703
43.6208157295635,134.918918918919
43.5714085319123,135.135135135135
43.5216042257415,135.351351351351
43.4714027898194,135.567567567568
43.420804203269,135.783783783784
43.3698084455681,136
43.3184154965489,136.216216216216
43.2666253363987,136.432432432432
43.2144379456593,136.648648648649
43.1618533052273,136.864864864865
43.1088713963539,137.081081081081
43.055492200645,137.297297297297
43.0017157000613,137.513513513514
42.9475418769183,137.72972972973
42.892970713886,137.945945945946
42.8380021939892,138.162162162162
42.7826363006075,138.378378378378
42.726873017475,138.594594594595
42.6707123286807,138.810810810811
42.6141542186682,139.027027027027
42.5571986722359,139.243243243243
42.4998456745368,139.459459459459
42.4420952110787,139.675675675676
42.3839473814291,139.891891891892
42.3254025218823,140.108108108108
42.2664606083664,140.324324324324
42.2071215909463,140.540540540541
42.1473854230016,140.756756756757
42.0872520612263,140.972972972973
42.0267214656291,141.189189189189
41.9657935995332,141.405405405405
41.9044684295763,141.621621621622
41.8427459257107,141.837837837838
41.7806260612031,142.054054054054
41.7181088126351,142.27027027027
41.6551941599025,142.486486486486
41.5918820862157,142.702702702703
41.5281725780998,142.918918918919
41.4640656253943,143.135135135135
41.3995612212533,143.351351351351
41.3346593621455,143.567567567568
41.2693600478541,143.783783783784
41.2036632814767,144
41.1375690694257,144.216216216216
41.0710774214279,144.432432432432
41.0041883505247,144.648648648649
40.936901873072,144.864864864865
40.8692180087402,145.081081081081
40.8011367805144,145.297297297297
40.7326582146942,145.513513513514
40.6637823408936,145.72972972973
40.5945091920412,145.945945945946
40.5248388043804,146.162162162162
40.4547712174687,146.378378378378
40.3843064741786,146.594594594595
40.3134446206968,146.810810810811
40.2421857065248,147.027027027027
40.1705297844783,147.243243243243
40.098476910688,147.459459459459
40.0260271445988,147.675675675676
39.9531805489704,147.891891891892
39.8799371898767,148.108108108108
39.8062971367064,148.324324324324
39.7322604621628,148.540540540541
39.6578272422637,148.756756756757
39.5829975563412,148.972972972973
39.5077714870422,149.189189189189
39.4321491203281,149.405405405405
39.3561305454749,149.621621621622
39.279715855073,149.837837837838
39.2029051450274,150.054054054054
39.1256985145577,150.27027027027
39.0480960661981,150.486486486486
38.9700979057971,150.702702702703
38.891704142518,150.918918918919
38.8129148888385,151.135135135135
38.7337302605509,151.351351351351
38.6541503767621,151.567567567568
38.5741753598934,151.783783783784
38.4938053356808,152
38.4130404331748,152.216216216216
38.3318807847404,152.432432432432
38.2503265260571,152.648648648649
38.1683777961191,152.864864864865
38.086034737235,153.081081081081
38.0032974950281,153.297297297297
37.9201662184361,153.513513513514
37.8366410597113,153.72972972973
37.7527221744205,153.945945945946
37.6684097214451,154.162162162162
37.5837038629812,154.378378378378
37.4986047645391,154.594594594595
37.4131125949438,154.810810810811
37.3272275263351,155.027027027027
37.2409497341669,155.243243243243
37.154279397208,155.459459459459
37.0672166975415,155.675675675676
36.9797618205652,155.891891891892
36.8919149549915,156.108108108108
36.8036762928472,156.324324324324
36.7150460294736,156.540540540541
36.6260243635268,156.756756756757
36.5366114969771,156.972972972973
36.4468076351097,157.189189189189
36.3566129865241,157.405405405405
36.2660277631344,157.621621621622
36.1750521801694,157.837837837838
36.0836864561721,158.054054054054
35.9919308130005,158.27027027027
35.8997854758268,158.486486486486
35.8072506731378,158.702702702703
35.714326636735,158.918918918919
35.6210136017343,159.135135135135
35.5273118065661,159.351351351351
35.4332214929757,159.567567567568
35.3387429060224,159.783783783784
35.2438762940805,160
35.1486219088386,160.216216216216
35.0529800052999,160.432432432432
34.9569508417823,160.648648648649
34.860534679918,160.864864864865
34.7637317846538,161.081081081081
34.6665424242513,161.297297297297
34.568967125129,161.513513513514
34.4710067337301,161.72972972973
34.3726615235562,161.945945945946
34.2739317533645,162.162162162162
34.1748176910463,162.378378378378
34.0753196136266,162.594594594595
33.9754378072642,162.810810810811
33.875172567252,163.027027027027
33.7745241980164,163.243243243243
33.6734930131178,163.459459459459
33.5720793352504,163.675675675676
33.4702834962425,163.891891891892
33.3681058370558,164.108108108108
33.2655467077861,164.324324324324
33.162606467663,164.540540540541
33.05928548505,164.756756756757
32.9555841374443,164.972972972973
32.8515028114771,165.189189189189
32.7470419029132,165.405405405405
32.6422018166516,165.621621621622
32.5369829667248,165.837837837838
32.4313857762993,166.054054054054
32.3254106776754,166.27027027027
32.2190581122873,166.486486486486
32.112328530703,166.702702702703
32.0052223926242,166.918918918919
31.8977401668868,167.135135135135
31.7898823314602,167.351351351351
31.6816493734478,167.567567567568
31.5730417890867,167.783783783784
31.464060083748,168
31.3547047719366,168.216216216216
31.2449763772911,168.432432432432
31.1348754325842,168.648648648649
31.0244024797223,168.864864864865
30.9135580697455,169.081081081081
30.802342762828,169.297297297297
30.6907571282776,169.513513513514
30.5788017445362,169.72972972973
30.4664771991793,169.945945945946
30.3537840889163,170.162162162162
30.2407230195906,170.378378378378
30.1272946061793,170.594594594595
30.0134994727933,170.810810810811
29.8993382526773,171.027027027027
29.7848115882101,171.243243243243
29.6699201309041,171.459459459459
29.5546645414057,171.675675675676
29.4390454894949,171.891891891892
29.3230636540859,172.108108108108
29.2067197232263,172.324324324324
29.090014394098,172.540540540541
28.9729483730164,172.756756756757
28.8555223754308,172.972972972973
28.7377371259246,173.189189189189
28.6195933582146,173.405405405405
28.5010918151518,173.621621621622
28.382233248721,173.837837837838
28.2630184200406,174.054054054054
28.143448099363,174.27027027027
28.0235230660745,174.486486486487
27.9032441086953,174.702702702703
27.7826120248791,174.918918918919
27.6616276214137,175.135135135135
27.5402917142208,175.351351351351
27.4186051283558,175.567567567568
27.2965686980079,175.783783783784
27.1741832665003,176
27.0514496862899,176.216216216216
26.9283688189676,176.432432432432
26.8049415352579,176.648648648649
26.6811687150193,176.864864864865
26.5570512472442,177.081081081081
26.4325900300588,177.297297297297
26.3077859707229,177.513513513514
26.1826399856305,177.72972972973
26.0571530003092,177.945945945946
25.9313259494206,178.162162162162
25.8051597767599,178.378378378378
25.6786554352565,178.594594594595
25.5518138869733,178.810810810811
25.4246361031072,179.027027027027
25.297123063989,179.243243243243
25.1692757590831,179.459459459459
25.041095186988,179.675675675676
24.9125823554359,179.891891891892
24.783738281293,180.108108108108
24.6545639905591,180.324324324324
24.5250605183679,180.540540540541
24.3952289089871,180.756756756757
24.2650702158181,180.972972972973
24.1345855013962,181.189189189189
24.0037758373906,181.405405405405
23.872642304604,181.621621621622
23.7411859929735,181.837837837838
23.6094080015695,182.054054054054
23.4773094385966,182.27027027027
23.3448914213931,182.486486486486
23.2121550764312,182.702702702703
23.0791015393168,182.918918918919
22.9457319634676,183.135135135135
22.8120475653511,183.351351351351
22.6780495930646,183.567567567568
22.5437393065654,183.783783783784
22.4091179776328,184
22.2741868898683,184.216216216216
22.1389473386961,184.432432432432
22.0034006313622,184.648648648649
21.8675480869351,184.864864864865
21.7313910363055,185.081081081081
21.5949308221864,185.297297297297
21.4581687991131,185.513513513514
21.321106333443,185.72972972973
21.183744803356,185.945945945946
21.046085598854,186.162162162162
20.9081301217614,186.378378378378
20.7698797857248,186.594594594595
20.6313360162131,186.810810810811
20.4925002505173,187.027027027027
20.3533739377507,187.243243243243
20.2139585388492,187.459459459459
20.0742555265705,187.675675675676
19.9342663854948,187.891891891892
19.7939926120246,188.108108108108
19.6534357143846,188.324324324324
19.5125972126217,188.540540540541
19.3714786386052,188.756756756757
19.2300815360266,188.972972972973
19.0884074603997,189.189189189189
18.9464579790605,189.405405405405
18.8042346711672,189.621621621622
18.6617391277006,189.837837837838
18.5189729514633,190.054054054054
18.3759377570806,190.27027027027
18.2326351709997,190.486486486486
18.0890668314903,190.702702702703
17.9452343886444,190.918918918919
17.801139504376,191.135135135135
17.6567838524216,191.351351351351
17.5121691183398,191.567567567568
17.3672969995118,191.783783783784
17.2221692051406,192
17.0767874562518,192.216216216216
16.9311534856931,192.432432432432
16.7852690381346,192.648648648649
16.6391358700685,192.864864864865
16.4927557498094,193.081081081081
16.3461304574942,193.297297297297
16.1992617850819,193.513513513514
16.0521515363539,193.72972972973
15.9048015269137,193.945945945946
15.7572135841874,194.162162162162
15.609389547423,194.378378378378
15.461331267691,194.594594594595
15.313040607884,194.810810810811
15.164519442717,195.027027027027
15.0157696587272,195.243243243243
14.8667931542742,195.459459459459
14.7175918395396,195.675675675676
14.5681676365274,195.891891891892
14.418522479064,196.108108108108
14.2686583127979,196.324324324324
14.1185770951999,196.540540540541
13.9682807955631,196.756756756757
13.8177713950028,196.972972972973
13.6670508864567,197.189189189189
13.5161212746846,197.405405405405
13.3649845762686,197.621621621622
13.2136428196133,197.837837837838
13.0620980449451,198.054054054054
12.9103523043132,198.27027027027
12.7584076615887,198.486486486486
12.606266192465,198.702702702703
12.453929984458,198.918918918919
12.3014011369056,199.135135135135
12.148681760968,199.351351351351
11.9957739796279,199.567567567568
11.84267992769,199.783783783784
11.6894017517815,200
11.5359416103515,200.216216216216
11.3823016736718,200.432432432432
11.2284841238362,200.648648648649
11.0744911547609,200.864864864865
10.9203249721841,201.081081081081
10.7659877936667,201.297297297297
10.6114818485915,201.513513513514
10.4568093781637,201.72972972973
10.3019726354108,201.945945945946
10.1469738851826,202.162162162162
9.99181540415096,202.378378378378
9.83649948081018,202.594594594595
9.68102841547683,202.810810810811
9.52540452028967,203.027027027027
9.36963011920977,203.243243243243
9.21370754802045,203.459459459459
9.05763915432728,203.675675675676
8.90142729755816,203.891891891892
8.74507434896321,204.108108108108
8.58858269161479,204.324324324324
8.43195472040756,204.540540540541
8.27519263745769,204.756756756757
8.11829863422045,204.972972972973
7.96127514420626,205.189189189189
7.80412460529813,205.405405405405
7.64684945950864,205.621621621622
7.48945215297987,205.837837837838
7.33193513598358,206.054054054054
7.17430086292092,206.27027027027
7.0165517923227,206.486486486486
6.85869038684927,206.702702702703
6.70071911329049,206.918918918919
6.54264044256586,207.135135135135
6.38445684972436,207.351351351351
6.22617081394454,207.567567567568
6.06778481853455,207.783783783784
5.90930135093198,208
5.75072290270413,208.216216216216
5.59205196954775,208.432432432432
5.43329105128916,208.648648648649
5.27444265188427,208.864864864865
5.11550927941848,209.081081081081
4.95649344610684,209.297297297297
4.79739766829387,209.513513513514
4.6382244664537,209.72972972973
4.47897636518996,209.945945945946
4.31965589323585,210.162162162162
4.16026558345419,210.378378378378
4.00080797283728,210.594594594595
3.841285602507,210.810810810811
3.68170101771478,211.027027027027
3.52205676784159,211.243243243243
3.36235540639804,211.459459459459
3.20259949102416,211.675675675676
3.04279158348963,211.891891891892
2.88293424969365,212.108108108108
2.72303005966496,212.324324324324
2.56308158756193,212.540540540541
2.4030914116724,212.756756756757
2.2430621144138,212.972972972973
2.0829962823331,213.189189189189
1.92289650610686,213.405405405405
1.76276538054114,213.621621621622
1.60260550457161,213.837837837838
1.44241948126346,214.054054054054
1.28220991781144,214.27027027027
1.12197942553985,214.486486486487
0.961730619902585,214.702702702703
0.801466120483045,214.918918918919
0.641188550994222,215.135135135135
0.480900539278608,215.351351351351
0.320604717308283,215.567567567568
0.160303721184925,215.783783783784
1.91139699068366e-07,216
